Estimated Calories,Protein (g),Fat (g),Carbs (g),Unmatched Ingredients,Item Name,Ingredients
194.0,10.3,15.6,4.5,,Single Sunny Side Up,"Oil or Butter, Eggs "
416.0,43.4,24.71,2.5,,Double Fried Egg,"Black Pepper, Eggs, Oil, Salt"
757.0,28.8,41.58,69.4,,Masala Sunny Side up,"Coriander, Green Chili, Oil or Butter, Onion, Tomato, Eggs "
141.0,6.74,7.67,11.0,,Scrambled Eggs,"Black Pepper, Butter, Eggs, Salt"
219.0,13.1,16.91,3.4,,Cheddar Cheese Omelette,"Black Pepper, Cheddar Cheese, Eggs, Salt"
669.0,25.2,33.59,67.4,,Masala Omelette,"Black Pepper, Coriander, Eggs, Green Chili, Onion, Salt, Tomato"
234.0,15.3,17.11,5.7,,Mushroom & Cheddar Omelette,"Black Pepper, Cheddar Cheese, Eggs, Mushrooms, Salt"
431.0,45.6,24.91,4.8,,Truffle Oil & Mushroom Omelette,"Black Pepper, Eggs, Mushrooms, Salt, Truffle Oil"
734.0,27.64,35.85,76.0,,Podi Masala Scrambled Egg,"Black Pepper, Butter, Coriander, Eggs, Green Chili, Onion, Podi Spice Mix, Salt, Tomato"
699.0,27.6,35.79,67.5,,Podi Masala Omelette,"Black Pepper, Coriander, Eggs, Green Chili, Onion, Podi Spice Mix, Salt, Tomato"
475.0,15.8,22.77,36.0,,Jaggi dada's Anda Kadi Patta,"Eggs, Salt , Onion , Curry Leaves , Green Chilli , Coriander "
106.0,6.7,7.61,2.5,,Turkish Eggs,"Black Pepper, Eggs, Salt"
479.0,12.84,5.16,95.4,,Maple Butter Pancake,"Maple Butter , Flour "
652.0,14.4,19.1,111.7,,Chocolate Chips Pancake,"Chocolate Chips, Flour "
645.0,14.5,9.5,129.0,,Banana Toffee Caramel Pancake,"Banana , Toffee, Flour "
974.0,18.8,36.1,143.9,,Nutella Pancake ,"Nutella, Flour "
540.0,6.3,47.5,24.0,,Avocado & Cream Cheese Sandwich,"Avocado , Bread , Cream Cheese"
131.0,1.9,8.1,6.4,,Uber Cucumber Sandwich,"Cucumber , Bread, Cheese"
158.0,3.14,8.16,11.8,,Mushroom Melt Sandwich,"Mushrooms , Cheese , Butter , Bread"
1238.0,58.3,34.0,172.5,,Chickpea Salad Sandwich,"Chickpeas, Lettuce , Bread , Onion "
416.0,43.4,24.71,2.5,,Truffle Egg & mayo Sandwich,"Black Pepper, Eggs, Salt, Truffle Oil"
211.0,3.8,8.4,25.0,,The Vietnamese Sandwich,"Carrot , Bread , Cheese , Cucumber "
212.0,10.38,12.9,20.1,,Honey Mustard Chicken Sandwich,"Chicken , Honey , Mustard , Bread "
145.0,10.1,12.7,2.5,,The Elvis Sandwich,"Chicken , Bread "
295.0,9.04,1.56,60.5,,Sour dough toast & Butter,"Sourdough, Butter "
1727.0,44.9,96.9,184.1,,Pistachio Biscotti,"Pistachio , Flour , Sugar"
1244.0,21.6,55.1,175.1,,Chocolate Biscotti,"Chocolate , Flour , Sugar"
1048.0,20.0,41.17,150.8,,Vanilla Choco chip Cookie,"Vanilla , Flour , Sugar"
1244.0,21.6,55.1,175.1,,Chocolate Crinkle Cookie,"Chocolate , Flour , Sugar"
1122.0,21.7,41.3,171.9,,Orange Madelines,"Orange , Flour , Sugar"
1244.0,21.6,55.1,175.1,,Chocolate Madelines,"Chocolate , Flour , Sugar"
1170.0,21.6,41.6,184.6,,Banana Bread tea cake,"Banana , Flour , Sugar"
1316.0,24.6,57.5,180.0,fruits,Fruit & Nut tea cake,"Nuts, Flour , Sugar , Fruits"
479.0,12.84,5.16,95.4,,Butter Croissant,"Butter , Flour"
1279.0,21.65,55.16,183.6,,Pain Au Chocolate,"Butter , Flour , Sugar , Chocolate"
96.0,0.24,2.99,9.6,,BB Garlic Bread,"Garlic , Bread , Butter "
147.0,1.14,7.99,10.4,,BB Cheese Garlic Bread,"Garlic , Bread , Butter , Cheese"
690.0,18.64,33.82,70.7,,Bruschetta,"Garlic , Bread , Butter , Cheese , Tomato , Onion , Basil"
162.0,3.34,8.19,12.7,,Creamy Mushroom Bruschetta,"Mushrooms , Cheese , Butter , Bread , Garlic"
1577.0,32.1,89.1,174.2,,Bookbar Nachos,"Nachos , Cheese , Tomato , Onion , Sour Cream "
697.0,57.3,41.3,21.9,,Salted Fries,"Potatoes , Oil , Salt "
1058.0,94.9,63.4,22.7,,Truffle oil & Parmesan Fries,"Truffle Oil , Cheese , Potatoes , Oil , Salt"
727.0,59.7,43.5,22.0,,Peri - Peri Fries,"Peri Peri Spice mix , Potatoes , Oil , Salt "
1199.0,70.15,57.96,89.5,,90's Paneer Burger,"Cottage Cheese , Bread , Onion , Tomato , Lettuce , Oil , Butter , Cheese "
1267.0,78.04,66.86,91.1,,90's Chicken Burger,"Chicken , Bread , Onion , Tomato , Lettuce , Oil , Butter , Cheese "
262.0,4.65,6.06,48.4,,BAKE Mac & Cheese,"Pasta, Cheese , Butter "
770.0,24.5,23.13,116.3,,Margherita,"Tomato , Flour , Cheese , Basil"
770.0,24.5,23.13,116.3,,Marinara,"Tomato , Flour , Cheese , Basil"
770.0,24.5,23.13,116.3,,Burrata,"Tomato , Flour , Cheese , Basil"
768.0,24.3,23.1,116.0,,Quattro Formaggi,"Cheese , Cheese , Cheese , Cheese , Flour , Tomato"
805.0,50.4,27.2,87.7,,Truffle Earth,"Truffle Oil , Cheese , Flour "
499.0,13.9,10.13,88.6,,Garlic Pie,"Garlic , Cheese , Flour"
499.0,13.9,10.13,88.6,,GMT,"Garlic , Cheese , Flour"
516.0,14.7,11.0,91.4,,Hot Damn (Spicy),"Spices , Cheese , Paprika , Flour "
602.0,24.8,20.8,93.7,,Buffalo Chicken (Spicy),"Chicken , Cheese , Flour , Paprika "
908.0,62.7,37.2,92.3,,Truffle Mushrooms & Chicken,"Mushrooms, Truffle Oil , Chicken , Flour , Cheese"
1033.0,29.8,64.9,96.0,,Pesto Chicken,"Pesto , Chicken , Flour , Cheese"
901.0,34.9,33.0,130.1,,Caribbean Chicken,"Chicken , Pineapple , Tomato , Cheese , Flour "
957.0,32.7,29.2,141.1,,Pork Pepperoni,"Pork , Cheese , Flour , Tomato"
976.0,33.7,30.1,144.8,,Spicy Pork Pepperoni,"Pork , Cheese , Flour , Tomato , Paprika"
867.0,48.3,24.6,116.0,,Sea Monster (Prawns),"Prawns , Cheese , Flour , Tomato "
1330.0,24.2,58.6,186.0,,Bookbar Chocolate Cake,"Chocolate , Flour , Sugar , Milk "
532.0,15.7,8.67,97.8,baileys,Irish Bailey's Tiramisu,"Milk , Flour , Coffee , Baileys "
1447.0,24.9,63.6,200.3,,Blueberry Ripple Cheesecake,"Blueberry , Cream Cheese , Flour , Sugar "
1816.0,29.2,80.6,255.3,,Black Forest Cake,"Chocolate , Cherry , Flour , Sugar , Milk "
1148.0,26.5,48.77,151.8,,Vanilla Macaroons,"Vanilla , Flour , Sugar , Eggs "
1535.0,31.4,60.2,222.1,,Coconut Macaroons,"Coconut , Flour , Sugar , Eggs "
1496.0,30.5,66.2,200.5,,Blueberry Macaroons,"Blueberry , Flour , Sugar , Eggs "
1138.0,26.8,48.77,151.3,,Coffee Macaroons,"Coffee , Flour , Sugar , Eggs "
1153.0,27.1,48.9,156.7,,Lemon Macaroons,"Lemon , Flour , Sugar , Eggs "
1344.0,28.1,62.7,176.1,,Chocolate Macaroons,"Chocolate , Flour , Sugar , Eggs "
1188.0,27.7,49.4,163.3,,Raspberry Macaroons,"Raspberry , Flour , Sugar , Eggs "
1827.0,51.4,104.5,185.1,,Pistachio Macaroons,"Pistachio , Flour , Sugar , Eggs "
1830.0,33.1,84.7,245.4,,Black Forest Macaroons,"Chocolate, Cherry , Flour , Sugar , Eggs "
1175.0,27.0,49.5,159.1,,Salted Caramel Macaroons,"Salt, Caramel , Flour , Sugar , Eggs "
1222.0,28.2,48.9,172.9,,Orange Marmalade Macaroons,"Orange , Flour , Sugar , Eggs "
